{
    "apr": 285.9792230757001,
    "triBalance": 16741752955717890931426605,
    "convertedUsdcAmount": 63738979866812812792,
    "tri_price": 14.302264048398863,
    "timestamp": 1654612762.4602764
}