{
    "timestamp": 1639671566.9324307,
    "triBarTri": 4655499930608083216741627,
    "mintedTri": 4768014907561339484599,
    "apr": 18.69055490356476
}