{
    "timestamp": 1642609103.9935663,
    "triBarTri": 4380031376473638069002685,
    "mintedTri": 8901444797311178396063,
    "apr": 32.395739930340318
}
