{
    "timestamp": 1640794771.8551114,
    "triBarTri": 5770602966945734443354485,
    "mintedTri": 8196409147727143269067,
    "apr": 12.959158960092319
}