{
    "timestamp": 1641572400.7181127,
    "triBarTri": 4612767940431639056144179,
    "mintedTri": 13742495633572142775351,
    "apr": 36.249721172925966
}