{
    "timestamp": 1638725230.3634975,
    "triBarTri": 3149036674036709625295314,
    "mintedTri": 34753609800715616782,
    "apr": 20.904818103684097
}