{
    "timestamp": 1638566077.4516325,
    "triBarTri": 2631353732685929324541836,
    "mintedTri": 535086010877269118,
    "apr": 4.434337238300885
}