{
    "timestamp": 1640967591.328312,
    "triBarTri": 5459458475235639850995467,
    "mintedTri": 13988248182911916855088,
    "apr": 46.75496023403149
}