{
    "timestamp": 1643213859.8538418,
    "triBarTri": 4579611026909904949349520,
    "mintedTri": 2322200540913463552697,
    "apr": 18.51498185566342
}