{
    "timestamp": 1638982870.555104,
    "triBarTri": 3323956312646649064584285,
    "mintedTri": 479250592899532084303,
    "apr": 210.27711465014028
}