{
    "timestamp": 1640276380.9172482,
    "triBarTri": 5057182519987491100538459,
    "mintedTri": 8838421361392521503719,
    "apr": 31.896949101860518
}