{
    "timestamp": 1638721192.796543,
    "triBarTri": 3132657056098170918311879,
    "mintedTri": 3195413652375543399733,
    "apr": 36.77994903928782
}