{
    "timestamp": 1638894430.9563832,
    "triBarTri": 3322206560032894374876973,
    "mintedTri": 3364549914084794372918,
    "apr": 37.56331079064996
}