{
    "timestamp": 1640025450.5066411,
    "triBarTri": 4255008926424334634469163,
    "mintedTri": 22999109057256731815,
    "apr": 0.04816779202337889
}