{
    "timestamp": 1640362774.2226248,
    "triBarTri": 4970651798834647163625691,
    "mintedTri": 8961647131351078651631,
    "apr": 65.81138260035488
}