{
    "timestamp": 1643386668.900495,
    "triBarTri": 4409058977895169975457674,
    "mintedTri": 3839233588130628543807,
    "apr": 15.890543841315601
}