{
    "timestamp": 1638896690.1969693,
    "triBarTri": 3339425230847121630710943,
    "mintedTri": 99400900587912930190,
    "apr": 41.5492052154824
}