{
    "timestamp": 1642092071.98267,
    "triBarTri": 4638263825284874721589060,
    "mintedTri": 342882004955535092827,
    "apr": 30.860813977108177
}