{
    "timestamp": 1638606279.7198684,
    "triBarTri": 2611106625541721919060517,
    "mintedTri": 293441690912208932668,
    "apr": 8.815628084503777
}