{
    "timestamp": 1639067167.952841,
    "triBarTri": 3566673686254863159528842,
    "mintedTri": 7595701697842835953661,
    "apr": 79.67039340097494
}