{
    "timestamp": 1639153146.5066724,
    "triBarTri": 3645261041392333024823416,
    "mintedTri": 5078088397032630967007,
    "apr": 52.43042820854154
}