{
    "timestamp": 1640103588.9553826,
    "triBarTri": 4120390963940711627476796,
    "mintedTri": 2699974369086889297582,
    "apr": 26.44618533809826
}