{
    "timestamp": 1639436585.5065598,
    "triBarTri": 3759577721718993674413755,
    "mintedTri": 1150507960898784848089,
    "apr": 8.719292516785123
}