{
    "timestamp": 1640449125.3066194,
    "triBarTri": 4843935401116887925179555,
    "mintedTri": 5942863420291136173263,
    "apr": 44.80600466541071
}