{
    "timestamp": 1638980708.2252247,
    "triBarTri": 3317398693650854019601398,
    "mintedTri": 5271083247299480125380,
    "apr": 59.6398204837578
}