{
    "timestamp": 1638809406.651995,
    "triBarTri": 3005463695103592387909909,
    "mintedTri": 4027045048121962701051,
    "apr": 50.19862663696119
}