{
    "timestamp": 1642781829.766663,
    "triBarTri": 4182444589618533303376890,
    "mintedTri": 8097976790434191991536,
    "apr": 35.35051893070032
}