{
    "timestamp": 1643127491.5390797,
    "triBarTri": 4453531472935453008330284,
    "mintedTri": 12715500802198480900434,
    "apr": 52.08516276337103
}