{
    "timestamp": 1642954620.785534,
    "triBarTri": 4308007061428642495419340,
    "mintedTri": 17358239796096230696039,
    "apr": 73.53849178762493
}