{
    "timestamp": 1639069355.9984205,
    "triBarTri": 3522479241471438502837841,
    "mintedTri": 106853457382195478902,
    "apr": 43.72102940609041
}