{
    "timestamp": 1641313218.0611992,
    "triBarTri": 5497065174977863874369242,
    "mintedTri": 10277815069742666006384,
    "apr": 17.059613742153164
}