{
    "timestamp": 1638723565.4854913,
    "triBarTri": 3135827652637395024535491,
    "mintedTri": 38287059739308914268,
    "apr": 16.228023574437533
}