{
    "timestamp": 1639498762.176211,
    "triBarTri": 3743970315767147794582317,
    "mintedTri": 3159951766456278216710,
    "apr": 42.80822369802051
}