{
    "timestamp": 1639325903.7813566,
    "triBarTri": 4021258027649259746966155,
    "mintedTri": 7804607656029671333631,
    "apr": 35.42904103803588
}