{
    "timestamp": 1638633732.7474995,
    "triBarTri": 2609056410326562583849744,
    "mintedTri": 7453572475483613861667,
    "apr": 328.168860766794
}